load_zone,period,Biodiesel,Coal,Diesel,LNG,LSFO,Motor_Diesel,Motor_Gasoline,Pellet-Biomass,Battery,MSW,SUN,WND,GeneratePumpedHydro
Oahu,2020,456.361793840211,1419.8545689109787,-6.49262089911189e-16,-6.49262089911189e-16,4128.603166674604,0,0,0,34.562315145067984,374.9280000000002,1352.484672037916,184.37447928147282,0.0
Oahu,2023,0.0,0,0.0,0.0,5034.086757109794,0,0,0,378.99235782410096,374.9280000000008,2121.92317862048,262.8314647259569,0.0
Oahu,2025,0.0,0,0.0,0.0,4132.393281549361,0,0,0,648.8841063872226,374.92800000000045,2968.0535460187702,262.83146472595683,0.0
Oahu,2030,0.0,0,3.1178129298486836,0.0,1625.564344756551,0,0,0,1789.0668137283571,374.9280000000002,4736.5401188466985,914.4873876496691,0.0
Oahu,2035,1.0894974237271071,0,1.0894974237271071,0.0,1581.771149713199,0,0,0,1913.713421799401,374.92800000000045,5092.852508350316,912.4450817970046,0.0
Oahu,2040,1.1422721434901209,0,12.375435829872522,0.0,1548.6370462650414,0,0,0,2122.2761410568746,374.92800000000017,5631.983532382756,912.2147631228944,0.0
Oahu,2045,382.0993930543053,0,-5.365330677068277e-15,-5.365330677068277e-15,0.0,0,0,0,2975.243270906115,374.9280000000005,7401.652214288911,1008.2593845543025,0.0
Oahu,2050,374.81956194473145,0,0.0,0.0,0.0,0,0,0,3090.9616322225615,0,8158.139684720656,1008.4492685655534,230.09711164376648
