load_zone,period,Biodiesel,Coal,Diesel,LNG,LSFO,Motor_Diesel,Motor_Gasoline,Pellet-Biomass,Battery,MSW,SUN,WND,GeneratePumpedHydro
Oahu,2020,461.6567281779655,1419.6710146885578,0.0,0.0,4124.439797919328,0,0,0,35.74992169275469,374.9280000000002,1351.668616960934,184.37447928147265,0.0
Oahu,2023,0.0,0,0.0,0.0,5049.374249487791,0,0,0,384.581244679417,374.9280000000008,2107.2566736708523,262.8314647259569,0.0
Oahu,2025,0.0,0,0.0,0.0,4136.447279618626,0,0,0,652.7517875290612,374.92800000000045,2964.4292902985953,262.83146472595683,0.0
Oahu,2030,0.0,0,0.0,0.0,2041.7641770909872,0,0,0,1872.585326358527,374.9280000000002,4985.448096466694,261.7772253617752,0.0
Oahu,2035,3.172964925801101e-14,0,3.172964925801101e-14,3.172964925801101e-14,1595.8078970141446,0,0,0,2312.867724605599,374.92800000000045,5776.413836763668,261.3764790197436,0.0
Oahu,2040,0.7158205949032737,0,3.892876991051834,0.0,1515.6684333660282,0,0,0,2571.5845104374926,374.92800000000017,6374.128572653555,261.87049829193086,0.0
Oahu,2045,389.72238615881275,0,0.0,0.0,0.0,0,0,0,2613.806535709216,374.9280000000005,7208.349544079456,1123.9817522065032,281.1121408666298
Oahu,2050,84.79346629986243,0,0.0,0.0,0.0,0,0,0,827.8627679834492,0,3692.377063839604,5506.212052459355,208.10020938468094
