load_zone,period,Biodiesel,Coal,Diesel,LNG,LSFO,Motor_Diesel,Motor_Gasoline,Pellet-Biomass,Battery,MSW,SUN,WND,GeneratePumpedHydro
Oahu,2020,463.0871321062141,1419.8545689109822,0.0,0.0,4122.111575207821,0,0,0,36.66603633805516,374.9280000000002,1352.4846720379153,184.37447928147287,0.0
Oahu,2023,0.0,0,0.0,0.0,5035.69255444401,0,0,0,393.4445338320628,374.9280000000008,2121.923178620479,262.8314647259569,0.0
Oahu,2025,0.0,0,0.0,0.0,4130.709006922782,0,0,0,633.7256347480186,374.92800000000045,2968.0535460187693,262.83146472595683,0.0
Oahu,2030,0.0,0,3.1178129298558575,0.0,1594.091935331457,0,0,0,1489.1732974409992,374.9280000000002,4709.9008631051765,914.4546877203982,297.7669359549749
Oahu,2035,0.0,0,0.0,0.0,1569.4140773753884,0,0,0,1624.0129591354548,374.92800000000045,5054.696019652534,913.7967066405763,316.75203098923043
Oahu,2040,1.349365290523039,0,1.349365290523039,0.0,1505.6361523617647,0,0,0,1807.08326699854,374.92800000000017,5635.277588382756,913.6207269322825,333.6705034905715
Oahu,2045,485.1892645916823,0,0.0,0.0,0.0,0,0,0,2127.9350818230355,374.9280000000005,6470.617436903882,1716.0751008128054,293.8802037396317
Oahu,2050,83.83050894085281,0,0.0,0.0,0.0,0,0,0,773.7636907249697,0,3351.580170782308,5836.06703957984,188.3686088286437
