scenario,max_demand_response_share,total_cost,cost_per_kwh,cost_per_kwh_2020,cost_per_kwh_2023,cost_per_kwh_2025,cost_per_kwh_2030,cost_per_kwh_2035,cost_per_kwh_2040,cost_per_kwh_2045,cost_per_kwh_2050,renewable_share_all_years,renewable_share_2020,renewable_share_2023,renewable_share_2025,renewable_share_2030,renewable_share_2035,renewable_share_2040,renewable_share_2045,renewable_share_2050,biofuel_share_all_years,biofuel_share_2020,biofuel_share_2023,biofuel_share_2025,biofuel_share_2030,biofuel_share_2035,biofuel_share_2040,biofuel_share_2045,biofuel_share_2050
,0.1,24867204143.44306,0.1444847784014956,0.15330361392555,0.15656772090813853,0.15756183249271782,0.14659842513006244,0.14626057300639536,0.139091105711441,0.12355119221825654,0.12531953725281103,0.7555727809000568,0.3000000000000011,0.35401537107908004,0.46607674643855557,0.7897438087053529,0.8016622214016423,0.8212808142638205,1.0000000000000007,1.0000000000000004,0.014660523804851123,0.05851639693685632,0.0,0.0,0.0,0.0,0.0001596150218579509,0.053630978786343216,0.009041763511583471
